model,feature,coefficient,coefficient_lower_95,coefficient_upper_95,hazard_ratio,hazard_ratio_lower_95,hazard_ratio_upper_95,standard_error,z_statistic,p_value,number_of_firms,number_of_events,penalizer,l1_ratio
Naive Baseline Cox,leverage,0.2735561360006987,-0.038124245371234655,0.5852365173726322,1.3146311552761822,0.962593335694816,1.795415582401998,0.15902352483536866,1.7202243270855777,0.0853916726264662,88,40,0.0,0.0
Naive Baseline Cox,current_ratio,-0.8397075898425651,-1.5353078492531609,-0.14410733043196933,0.43183677842942453,0.2153893735045718,0.8657948169404266,0.3549046129915661,-2.3660092292531565,0.01798099616336735,88,40,0.0,0.0
Naive Baseline Cox,cash_ratio,-0.0892650966940074,-0.6750091601638928,0.496478966775878,0.9146030831804911,0.5091517566726506,1.6429262764992705,0.29885450349606413,-0.29869081994671365,0.7651759621077295,88,40,0.0,0.0
Naive Baseline Cox,return_on_assets,0.2098749355372387,-0.23589049632796602,0.6556403674024435,1.2335237803206054,0.7898671625520242,1.9263757106958084,0.2274355219694574,0.9227887258764401,0.3561173172371247,88,40,0.0,0.0
Naive Baseline Cox,revenue_growth,0.4028836806293521,0.115194560452067,0.6905728008066372,1.4961328523099184,1.1220917310100607,1.9948578622409816,0.14678286052526485,2.7447597027856405,0.006055521998558031,88,40,0.0,0.0
Naive Baseline Cox,operating_cash_flow_ratio,0.3858069832260844,0.051930783675482706,0.7196831827766861,1.4708007541986419,1.0533028342393829,2.0537824339126893,0.1703481299575781,2.264814901825821,0.02352404058035131,88,40,0.0,0.0
Naive Baseline Cox,log_total_assets,0.07641067169843077,-0.2970164840737878,0.4498378274706494,1.0794057645468025,0.7430317640705636,1.5680578689583715,0.1905275600560849,0.4010478676992349,0.6883848818769007,88,40,0.0,0.0
Naive Baseline Cox,operating_margin,-0.6231219071925806,-1.1705715572634114,-0.07567225712174985,0.5362676437450072,0.31018959947120506,0.9271200137531315,0.2793161784548307,-2.2308836911620147,0.02568883430315036,88,40,0.0,0.0
Left-Truncated Baseline Cox,leverage,0.222830543018231,-0.0986983280693369,0.5443594141057989,1.249608800857509,0.9060159863930962,1.723503976344893,0.16404835681866944,1.358322310198671,0.17436143401082105,88,40,0.0,0.0
Left-Truncated Baseline Cox,current_ratio,-0.6197852995605179,-1.2521573834852604,0.012586784364224557,0.5380599469013487,0.2858873624039229,1.0126663313310196,0.3226447470018902,-1.9209527051648754,0.05473767025605927,88,40,0.0,0.0
Left-Truncated Baseline Cox,cash_ratio,0.11935509772789651,-0.45939710999412053,0.6981073054499136,1.126769960709982,0.6316643548590775,2.0099448933470705,0.29528716460462573,0.4042000873546496,0.6860655895120308,88,40,0.0,0.0
Left-Truncated Baseline Cox,return_on_assets,-0.03593834045114077,-0.4958802870117268,0.4240036061094453,0.9646997746022012,0.609034546054443,1.528067104151339,0.23466857053933107,-0.15314509466923867,0.8782838548812397,88,40,0.0,0.0
Left-Truncated Baseline Cox,revenue_growth,0.3010400568416247,0.010317788075850931,0.5917623256073985,1.3512634678006679,1.0103711999907918,1.8071704334301366,0.1483304137519638,2.029523475509345,0.0424050003865719,88,40,0.0,0.0
Left-Truncated Baseline Cox,operating_cash_flow_ratio,0.2919547748492312,-0.026417785393603566,0.6103273350920659,1.3390424578728486,0.9739281116604762,1.8410339351732712,0.16243796455144938,1.7973309112523363,0.07228310170380119,88,40,0.0,0.0
Left-Truncated Baseline Cox,log_total_assets,0.13388745399828697,-0.2417698655450428,0.5095447735416168,1.143264142595588,0.7852368668179766,1.6645332828569408,0.19166541962325165,0.6985477832227832,0.4848346860509041,88,40,0.0,0.0
Left-Truncated Baseline Cox,operating_margin,-0.2729747941417904,-0.8034087792142413,0.2574591909306605,0.7611119718676002,0.4477999084711408,1.2936390176987274,0.27063455719413543,-1.008647221448428,0.31314385198503714,88,40,0.0,0.0
Time-Varying Cox,leverage,0.475868943510172,0.24152489176421532,0.7102129952561287,1.6094120782386994,1.273189146447131,2.034424535277145,0.11956548875103455,3.979985767473848,6.891939428685484e-05,88,40,0.0,0.0
Time-Varying Cox,current_ratio,-1.4137507547798887,-2.216698299950571,-0.6108032096092063,0.24322927674565525,0.10896829616306138,0.5429146196586037,0.4096746427506986,-3.4509110578274322,0.0005586976553907702,88,40,0.0,0.0
Time-Varying Cox,cash_ratio,0.3985472206607876,-0.09523693506845304,0.8923313763900282,1.4896589790793089,0.90915749765303,2.4408134780608695,0.25193532106923755,1.5819426151494564,0.11366267127574385,88,40,0.0,0.0
Time-Varying Cox,return_on_assets,0.051184606921273995,-0.35187117881790264,0.4542403926604507,1.0525171773052548,0.7033707251886807,1.5749765647773495,0.20564448577546796,0.24889851399740273,0.8034392847925964,88,40,0.0,0.0
Time-Varying Cox,revenue_growth,-0.07511984646531637,-0.4959929260375286,0.3457532331068958,0.9276323062134011,0.6089659488599289,1.4130538778757253,0.21473510885506336,-0.3498256380423516,0.7264695569239663,88,40,0.0,0.0
Time-Varying Cox,operating_cash_flow_ratio,0.029576205525622217,-0.4444313224339634,0.5035837334852078,1.0300179255385813,0.6411888020609335,1.6546404483682473,0.24184501944856973,0.12229404431424247,0.9026661485450509,88,40,0.0,0.0
Time-Varying Cox,log_total_assets,-0.23761846592553348,-0.5994042721476125,0.12416734029654553,0.7885034746539488,0.5491386758750432,1.1322053187213994,0.18458798685883993,-1.2872910635687662,0.1979928571627823,88,40,0.0,0.0
Time-Varying Cox,operating_margin,-0.1546032435738936,-0.441198653539699,0.1319921663919118,0.8567550331241917,0.6432649070287152,1.141099380306888,0.146224834857392,-1.0572981239792323,0.29037554919376674,88,40,0.0,0.0
Ridge Time-Varying Cox,leverage,0.1715389892198388,0.05712948752593612,0.28594849091374147,1.1871304271191863,1.0587929019928404,1.3310238936619836,0.05837326736427313,2.938656631114464,0.0032963804886655067,88,40,0.25,0.0
Ridge Time-Varying Cox,current_ratio,-0.08928702084469639,-0.2125826078906759,0.03400856620128313,0.9145830315044836,0.8084935256179945,1.0345934692260625,0.0629070676902838,-1.4193480021083078,0.15579758394741644,88,40,0.25,0.0
Ridge Time-Varying Cox,cash_ratio,-0.02472076929789056,-0.14817630232227835,0.09873476372649723,0.975582286525734,0.8622790797361498,1.1037734999601407,0.06298867428084867,-0.39246371796408425,0.694715614257976,88,40,0.25,0.0
Ridge Time-Varying Cox,return_on_assets,-0.03897970036123516,-0.15903981122022465,0.08108041049775433,0.9617702325365024,0.8529624008191959,1.0844580948760862,0.06125628420012221,-0.6363379834449278,0.5245561529114094,88,40,0.25,0.0
Ridge Time-Varying Cox,revenue_growth,-0.012851550656099983,-0.1350441911411073,0.10934108982890733,0.9872306778893327,0.8736773020380019,1.1155427857543663,0.06234432951260701,-0.20613824475409903,0.8366829252500823,88,40,0.25,0.0
Ridge Time-Varying Cox,operating_cash_flow_ratio,-0.012550902524805745,-0.13542203252228857,0.11032022747267708,0.9875275315698127,0.87334725295652,1.1166355906050105,0.06269050399225426,-0.20020420519121165,0.8413208784879465,88,40,0.25,0.0
Ridge Time-Varying Cox,log_total_assets,-0.019402115688893735,-0.14005961811781092,0.10125538674002346,0.9807848939438907,0.8693064074420659,1.1065592062286005,0.061561081418152676,-0.3151685324873546,0.7526336963707483,88,40,0.25,0.0
Ridge Time-Varying Cox,operating_margin,-0.07101951904554114,-0.18995544831767391,0.04791641022659161,0.931443711057939,0.8269959771847025,1.049082959052432,0.06068271162648099,-1.1703418839073323,0.2418634130136028,88,40,0.25,0.0
